               epoch,      train/box_loss,      train/obj_loss,      train/cls_loss,   metrics/precision,      metrics/recall,     metrics/mAP_0.5,metrics/mAP_0.5:0.95,        val/box_loss,        val/obj_loss,        val/cls_loss,               x/lr0,               x/lr1,               x/lr2
                   0,             0.10366,            0.016362,                   0,             0.50133,             0.19104,             0.23911,            0.064793,            0.078201,           0.0091384,                   0,            0.070448,           0.0032836,           0.0032836
                   1,            0.070789,             0.01718,                   0,             0.31527,                0.48,             0.23636,            0.053405,            0.067916,           0.0067662,                   0,            0.040422,           0.0065907,           0.0065907
                   2,            0.058244,            0.015622,                   0,             0.49477,                0.61,             0.44051,             0.18361,            0.053835,           0.0060351,                   0,            0.010369,           0.0098714,           0.0098714
                   3,            0.051925,            0.014235,                   0,              0.7926,                 0.7,             0.75299,             0.21677,            0.052393,           0.0055086,                   0,           0.0098812,           0.0098812,           0.0098812
                   4,            0.046103,            0.011828,                   0,             0.88823,             0.79469,             0.85986,             0.41581,             0.03967,           0.0047246,                   0,           0.0098812,           0.0098812,           0.0098812
                   5,            0.043646,            0.010267,                   0,             0.90912,                0.92,              0.9692,             0.41598,            0.039802,            0.003845,                   0,           0.0098416,           0.0098416,           0.0098416
                   6,            0.040726,           0.0096394,                   0,             0.94663,             0.88693,             0.96286,             0.38806,            0.039793,           0.0039088,                   0,            0.009802,            0.009802,            0.009802
                   7,            0.038137,           0.0087868,                   0,             0.94753,             0.90297,             0.95965,             0.56459,            0.032551,           0.0038816,                   0,           0.0097624,           0.0097624,           0.0097624
                   8,            0.037878,           0.0083939,                   0,             0.91253,                0.92,             0.93518,             0.52955,            0.032705,           0.0039734,                   0,           0.0097228,           0.0097228,           0.0097228
                   9,            0.037227,           0.0085866,                   0,             0.93677,                0.97,             0.98667,             0.47553,            0.033584,           0.0034476,                   0,           0.0096832,           0.0096832,           0.0096832
                  10,            0.035427,            0.008335,                   0,              0.9501,             0.95209,             0.98182,             0.57994,             0.02784,           0.0034622,                   0,           0.0096436,           0.0096436,           0.0096436
                  11,            0.035884,           0.0081092,                   0,             0.94265,                0.97,             0.97529,             0.61745,            0.029366,           0.0034591,                   0,            0.009604,            0.009604,            0.009604
                  12,            0.035377,           0.0080063,                   0,             0.94962,                0.97,              0.9703,             0.46638,             0.03524,           0.0034773,                   0,           0.0095644,           0.0095644,           0.0095644
                  13,            0.034156,           0.0079323,                   0,             0.94729,                0.98,             0.96365,             0.62205,            0.026556,           0.0032841,                   0,           0.0095248,           0.0095248,           0.0095248
                  14,            0.032267,           0.0078107,                   0,              0.9702,             0.97664,             0.97837,             0.58172,            0.032376,           0.0030311,                   0,           0.0094852,           0.0094852,           0.0094852
                  15,             0.03238,           0.0076647,                   0,              0.9673,                0.96,              0.9808,             0.62074,            0.026479,           0.0032292,                   0,           0.0094456,           0.0094456,           0.0094456
                  16,            0.032054,           0.0074094,                   0,             0.96066,             0.97681,             0.98499,              0.6117,            0.026715,           0.0031376,                   0,            0.009406,            0.009406,            0.009406
                  17,            0.030778,           0.0075546,                   0,             0.98347,                0.98,             0.99317,             0.59882,             0.02812,           0.0031829,                   0,           0.0093664,           0.0093664,           0.0093664
                  18,            0.031415,           0.0072748,                   0,             0.98007,             0.98338,             0.98755,             0.55028,             0.03142,           0.0031205,                   0,           0.0093268,           0.0093268,           0.0093268
                  19,            0.030757,           0.0074532,                   0,             0.98478,                0.98,             0.98155,             0.63095,             0.02552,           0.0031011,                   0,           0.0092872,           0.0092872,           0.0092872
                  20,            0.031374,           0.0072833,                   0,             0.96996,             0.96879,             0.98176,             0.58006,            0.029216,           0.0032217,                   0,           0.0092476,           0.0092476,           0.0092476
                  21,            0.030258,           0.0074027,                   0,             0.93205,                0.99,              0.9748,              0.5457,            0.030306,            0.003106,                   0,            0.009208,            0.009208,            0.009208
                  22,              0.0301,           0.0069893,                   0,             0.96913,                   1,             0.98827,             0.64564,            0.024495,           0.0029178,                   0,           0.0091684,           0.0091684,           0.0091684
                  23,            0.030005,           0.0072963,                   0,             0.96991,             0.96715,             0.98468,             0.59571,            0.026446,           0.0031441,                   0,           0.0091288,           0.0091288,           0.0091288
                  24,            0.028976,           0.0068268,                   0,             0.97706,                0.98,             0.98271,             0.62997,            0.026097,           0.0030443,                   0,           0.0090892,           0.0090892,           0.0090892
                  25,            0.028293,           0.0070565,                   0,             0.96131,              0.9938,             0.99152,             0.66012,            0.026992,           0.0028926,                   0,           0.0090496,           0.0090496,           0.0090496
                  26,            0.028735,           0.0071745,                   0,             0.98989,              0.9793,             0.99292,             0.65707,            0.024953,           0.0029175,                   0,             0.00901,             0.00901,             0.00901
                  27,            0.028482,            0.007019,                   0,             0.96847,                0.98,             0.97963,             0.57736,             0.02801,           0.0029087,                   0,           0.0089704,           0.0089704,           0.0089704
                  28,            0.026941,           0.0068446,                   0,               0.968,                0.96,             0.98965,             0.62671,            0.026478,           0.0029127,                   0,           0.0089308,           0.0089308,           0.0089308
                  29,            0.027415,            0.006934,                   0,             0.97504,                0.96,             0.98242,             0.66369,            0.024861,           0.0030163,                   0,           0.0088912,           0.0088912,           0.0088912
                  30,            0.027973,           0.0065382,                   0,             0.99035,                0.94,             0.98947,             0.65399,            0.025581,            0.002908,                   0,           0.0088516,           0.0088516,           0.0088516
                  31,             0.02731,           0.0067349,                   0,             0.97763,                0.98,             0.99351,             0.66955,            0.026172,           0.0029436,                   0,            0.008812,            0.008812,            0.008812
                  32,            0.026791,           0.0067243,                   0,             0.96555,                0.98,             0.98871,             0.65001,            0.024903,           0.0028756,                   0,           0.0087724,           0.0087724,           0.0087724
                  33,            0.026452,           0.0064691,                   0,             0.98955,             0.94651,             0.97672,             0.62491,            0.025397,           0.0030968,                   0,           0.0087328,           0.0087328,           0.0087328
                  34,             0.02605,            0.006568,                   0,             0.97633,                0.96,             0.98537,             0.63898,            0.024405,           0.0029775,                   0,           0.0086932,           0.0086932,           0.0086932
                  35,            0.026501,           0.0064997,                   0,             0.96116,             0.98979,             0.98809,             0.63076,            0.025465,           0.0029356,                   0,           0.0086536,           0.0086536,           0.0086536
                  36,            0.027002,           0.0065949,                   0,              0.9628,                0.98,             0.99153,             0.64906,             0.02519,           0.0029431,                   0,            0.008614,            0.008614,            0.008614
                  37,            0.026214,           0.0066514,                   0,             0.94287,                0.99,             0.98984,             0.63078,            0.025376,           0.0030601,                   0,           0.0085744,           0.0085744,           0.0085744
                  38,            0.025146,           0.0065234,                   0,             0.95047,                   1,             0.99304,             0.64659,            0.025262,           0.0028528,                   0,           0.0085348,           0.0085348,           0.0085348
                  39,            0.025968,           0.0064808,                   0,              0.9668,                0.96,             0.98647,             0.60316,            0.026454,           0.0030478,                   0,           0.0084952,           0.0084952,           0.0084952
                  40,             0.02508,           0.0061933,                   0,             0.98988,             0.97841,             0.99048,             0.67611,            0.024311,           0.0027401,                   0,           0.0084556,           0.0084556,           0.0084556
                  41,            0.025263,           0.0065692,                   0,              0.9704,                0.94,             0.98392,             0.66336,            0.023886,           0.0029352,                   0,            0.008416,            0.008416,            0.008416
                  42,            0.025345,           0.0066413,                   0,             0.96085,             0.98171,             0.98988,             0.66951,            0.023572,           0.0028467,                   0,           0.0083764,           0.0083764,           0.0083764
                  43,            0.025425,            0.006462,                   0,             0.98979,             0.96916,              0.9926,             0.56104,             0.02832,           0.0029563,                   0,           0.0083368,           0.0083368,           0.0083368
                  44,            0.024842,           0.0063935,                   0,             0.99755,                0.97,              0.9934,             0.58867,            0.026872,           0.0029498,                   0,           0.0082972,           0.0082972,           0.0082972
                  45,            0.024052,           0.0062419,                   0,             0.97824,                0.96,             0.98321,             0.66165,            0.024435,           0.0028545,                   0,           0.0082576,           0.0082576,           0.0082576
                  46,            0.024727,           0.0064054,                   0,             0.98977,             0.96712,             0.99249,             0.67223,            0.023942,           0.0027939,                   0,            0.008218,            0.008218,            0.008218
                  47,            0.024163,           0.0062625,                   0,             0.98707,                0.97,             0.99094,             0.64101,            0.024907,           0.0030124,                   0,           0.0081784,           0.0081784,           0.0081784
                  48,             0.02447,           0.0064552,                   0,             0.96066,                   1,             0.99383,             0.63576,            0.025258,           0.0028357,                   0,           0.0081388,           0.0081388,           0.0081388
                  49,            0.024605,           0.0061616,                   0,             0.98988,             0.97828,             0.99342,             0.61903,            0.026162,           0.0029277,                   0,           0.0080992,           0.0080992,           0.0080992
                  50,            0.024654,           0.0062591,                   0,             0.97056,             0.98889,             0.98943,             0.64025,            0.024678,            0.002952,                   0,           0.0080596,           0.0080596,           0.0080596
                  51,            0.023579,           0.0058943,                   0,             0.97997,              0.9783,             0.98679,             0.60607,            0.026744,           0.0029733,                   0,             0.00802,             0.00802,             0.00802
                  52,            0.023381,           0.0061947,                   0,             0.98562,                0.99,             0.99154,             0.62498,            0.024985,           0.0028528,                   0,           0.0079804,           0.0079804,           0.0079804
                  53,            0.023347,           0.0060296,                   0,             0.98071,                0.99,             0.98491,              0.6336,            0.024905,           0.0028092,                   0,           0.0079408,           0.0079408,           0.0079408
                  54,            0.023883,           0.0060916,                   0,             0.95975,                0.99,             0.99107,             0.64702,            0.024974,           0.0029098,                   0,           0.0079012,           0.0079012,           0.0079012
                  55,            0.023545,           0.0060325,                   0,             0.96107,             0.98763,             0.98927,              0.6477,             0.02485,           0.0028157,                   0,           0.0078616,           0.0078616,           0.0078616
                  56,            0.023363,           0.0063936,                   0,             0.98982,                0.99,             0.99387,             0.65783,            0.025337,           0.0027272,                   0,            0.007822,            0.007822,            0.007822
                  57,            0.022846,           0.0060178,                   0,             0.99491,                0.99,             0.99471,             0.66061,            0.024359,           0.0026311,                   0,           0.0077824,           0.0077824,           0.0077824
                  58,            0.022793,            0.006201,                   0,             0.99688,                0.99,             0.99377,             0.66215,            0.024215,           0.0027626,                   0,           0.0077428,           0.0077428,           0.0077428
                  59,            0.023588,           0.0060587,                   0,                   1,             0.98324,             0.99471,             0.67323,             0.02346,           0.0027025,                   0,           0.0077032,           0.0077032,           0.0077032
                  60,            0.022766,           0.0060135,                   0,             0.95364,                0.96,             0.98064,             0.67807,             0.02447,           0.0029128,                   0,           0.0076636,           0.0076636,           0.0076636
                  61,            0.022301,           0.0057243,                   0,             0.98766,                0.98,             0.99338,             0.67254,            0.022341,           0.0026962,                   0,            0.007624,            0.007624,            0.007624
                  62,             0.02271,           0.0060077,                   0,             0.99002,             0.99192,              0.9949,             0.67924,            0.022832,           0.0026263,                   0,           0.0075844,           0.0075844,           0.0075844
                  63,            0.022062,           0.0058336,                   0,             0.99936,                0.99,             0.99435,             0.67037,            0.022865,           0.0026179,                   0,           0.0075448,           0.0075448,           0.0075448
                  64,            0.022657,           0.0061149,                   0,             0.99597,                0.99,             0.99471,             0.65507,            0.024172,           0.0027071,                   0,           0.0075052,           0.0075052,           0.0075052
                  65,            0.021973,           0.0057795,                   0,                0.99,             0.98987,             0.99372,             0.66748,            0.024464,           0.0027369,                   0,           0.0074656,           0.0074656,           0.0074656
                  66,            0.022099,            0.005906,                   0,              0.9595,                   1,              0.9811,              0.6475,            0.023089,           0.0026382,                   0,            0.007426,            0.007426,            0.007426
                  67,            0.022196,           0.0059746,                   0,             0.97076,             0.99601,             0.99011,             0.64918,             0.02431,           0.0026404,                   0,           0.0073864,           0.0073864,           0.0073864
                  68,            0.021808,            0.005872,                   0,             0.96964,                   1,              0.9936,             0.64283,            0.025375,           0.0026581,                   0,           0.0073468,           0.0073468,           0.0073468
                  69,            0.021049,           0.0056432,                   0,             0.92359,                0.99,             0.98253,             0.67417,            0.022868,           0.0026782,                   0,           0.0073072,           0.0073072,           0.0073072
                  70,            0.021866,            0.005607,                   0,             0.98149,                0.98,             0.99432,             0.65188,            0.025361,           0.0026063,                   0,           0.0072676,           0.0072676,           0.0072676
                  71,            0.021078,           0.0056838,                   0,             0.98012,             0.98599,             0.99309,             0.63387,            0.025546,           0.0027795,                   0,            0.007228,            0.007228,            0.007228
                  72,            0.020738,           0.0056231,                   0,             0.96766,                0.99,             0.99363,             0.64195,            0.025223,           0.0027207,                   0,           0.0071884,           0.0071884,           0.0071884
                  73,            0.021385,           0.0056824,                   0,             0.96038,                   1,             0.98563,             0.65254,            0.024485,           0.0027097,                   0,           0.0071488,           0.0071488,           0.0071488
                  74,            0.020757,            0.005823,                   0,             0.98803,                0.96,             0.99305,             0.64508,            0.025813,           0.0028213,                   0,           0.0071092,           0.0071092,           0.0071092
                  75,            0.020815,           0.0055964,                   0,             0.96593,                0.98,             0.98946,             0.65294,            0.024632,           0.0028332,                   0,           0.0070696,           0.0070696,           0.0070696
                  76,            0.021295,            0.005657,                   0,             0.97078,                0.97,             0.98101,             0.63539,            0.024889,           0.0026658,                   0,             0.00703,             0.00703,             0.00703
                  77,              0.0214,           0.0056301,                   0,             0.98037,             0.99877,             0.99311,             0.64593,             0.02523,            0.002766,                   0,           0.0069904,           0.0069904,           0.0069904
                  78,            0.020698,           0.0056398,                   0,             0.99826,                0.97,             0.99378,             0.64041,             0.02447,           0.0027395,                   0,           0.0069508,           0.0069508,           0.0069508
                  79,            0.020022,           0.0056381,                   0,             0.99452,                0.97,             0.99136,             0.64254,            0.024038,           0.0026989,                   0,           0.0069112,           0.0069112,           0.0069112
                  80,            0.020877,           0.0056098,                   0,             0.98931,                0.97,             0.98758,             0.65208,            0.023711,           0.0028883,                   0,           0.0068716,           0.0068716,           0.0068716
                  81,            0.020965,           0.0055193,                   0,             0.97985,             0.97264,             0.98944,             0.67604,            0.023598,           0.0026892,                   0,            0.006832,            0.006832,            0.006832
                  82,            0.020527,           0.0053912,                   0,             0.98978,             0.96849,             0.98789,              0.6498,            0.025183,           0.0029246,                   0,           0.0067924,           0.0067924,           0.0067924
                  83,            0.020168,           0.0056609,                   0,              0.9898,             0.96997,             0.99411,             0.65334,            0.023805,            0.002764,                   0,           0.0067528,           0.0067528,           0.0067528
                  84,            0.020204,           0.0054078,                   0,             0.98023,             0.99159,              0.9944,             0.64202,            0.023664,           0.0027721,                   0,           0.0067132,           0.0067132,           0.0067132
                  85,             0.01983,           0.0056403,                   0,             0.99984,                0.99,             0.99435,             0.65714,            0.023554,           0.0027019,                   0,           0.0066736,           0.0066736,           0.0066736
                  86,            0.019976,           0.0054065,                   0,             0.98988,             0.97854,             0.99411,             0.65703,            0.023777,           0.0026844,                   0,            0.006634,            0.006634,            0.006634
                  87,            0.020207,           0.0052352,                   0,             0.98855,                0.99,             0.99451,             0.66076,            0.023421,           0.0027462,                   0,           0.0065944,           0.0065944,           0.0065944
                  88,            0.019846,           0.0055122,                   0,             0.98809,                0.99,              0.9948,              0.6704,            0.023676,           0.0028818,                   0,           0.0065548,           0.0065548,           0.0065548
                  89,            0.019739,            0.005366,                   0,             0.98858,                   1,              0.9949,             0.63288,            0.024593,           0.0028074,                   0,           0.0065152,           0.0065152,           0.0065152
                  90,            0.019773,           0.0051951,                   0,             0.98836,                0.99,             0.99452,             0.63893,            0.023619,           0.0027004,                   0,           0.0064756,           0.0064756,           0.0064756
                  91,            0.020013,            0.005346,                   0,             0.99071,                0.96,             0.99364,             0.64286,            0.025218,           0.0027597,                   0,            0.006436,            0.006436,            0.006436
                  92,            0.019698,           0.0052692,                   0,             0.96879,                0.98,             0.99307,             0.65975,            0.023729,           0.0026902,                   0,           0.0063964,           0.0063964,           0.0063964
                  93,            0.019066,           0.0053334,                   0,             0.97582,                   1,             0.99411,             0.66614,             0.02379,           0.0026331,                   0,           0.0063568,           0.0063568,           0.0063568
                  94,            0.020109,           0.0054333,                   0,             0.99745,                0.98,             0.99424,             0.65823,            0.023646,           0.0027258,                   0,           0.0063172,           0.0063172,           0.0063172
                  95,            0.019631,             0.00545,                   0,             0.99758,                0.97,             0.99344,             0.64819,            0.024143,           0.0027719,                   0,           0.0062776,           0.0062776,           0.0062776
                  96,            0.019436,           0.0052973,                   0,             0.97997,             0.97841,             0.99365,             0.67284,            0.023179,           0.0026145,                   0,            0.006238,            0.006238,            0.006238
                  97,            0.018735,           0.0052735,                   0,                   1,             0.98889,             0.99326,             0.64871,            0.023568,           0.0025909,                   0,           0.0061984,           0.0061984,           0.0061984
                  98,             0.01904,           0.0052699,                   0,             0.96859,                0.99,             0.99317,             0.64893,            0.024079,           0.0026667,                   0,           0.0061588,           0.0061588,           0.0061588
                  99,            0.019323,           0.0052342,                   0,              0.9887,                0.97,             0.99258,             0.66213,            0.024179,           0.0027152,                   0,           0.0061192,           0.0061192,           0.0061192
                 100,            0.018905,           0.0051176,                   0,             0.98976,             0.96684,             0.99236,             0.65796,            0.024373,            0.002725,                   0,           0.0060796,           0.0060796,           0.0060796
                 101,            0.018716,           0.0052359,                   0,             0.97996,             0.97818,             0.98767,             0.66907,            0.023064,           0.0026885,                   0,             0.00604,             0.00604,             0.00604
                 102,            0.018248,           0.0050577,                   0,             0.97999,             0.97961,             0.99077,             0.65313,            0.024569,           0.0027784,                   0,           0.0060004,           0.0060004,           0.0060004
                 103,            0.019032,           0.0051016,                   0,             0.98425,                0.98,             0.99302,             0.65393,            0.023439,           0.0027451,                   0,           0.0059608,           0.0059608,           0.0059608
                 104,            0.018042,           0.0051206,                   0,             0.95642,                0.98,             0.99316,             0.65045,            0.024085,             0.00277,                   0,           0.0059212,           0.0059212,           0.0059212
                 105,            0.017859,           0.0050557,                   0,             0.96961,                0.99,             0.99363,             0.65703,            0.023623,           0.0026808,                   0,           0.0058816,           0.0058816,           0.0058816
                 106,            0.018939,           0.0053209,                   0,             0.98639,                   1,              0.9948,             0.61914,            0.025764,           0.0028108,                   0,            0.005842,            0.005842,            0.005842
                 107,            0.017882,            0.005154,                   0,             0.99921,                0.99,              0.9949,             0.65618,            0.024344,           0.0026483,                   0,           0.0058024,           0.0058024,           0.0058024
                 108,            0.018107,           0.0050903,                   0,             0.99007,             0.99707,              0.9948,             0.65131,            0.024316,           0.0026299,                   0,           0.0057628,           0.0057628,           0.0057628
                 109,            0.018491,           0.0051019,                   0,             0.97896,                0.98,             0.99281,              0.6595,            0.024678,           0.0027533,                   0,           0.0057232,           0.0057232,           0.0057232
                 110,             0.01784,           0.0049829,                   0,             0.98011,             0.98548,             0.99385,              0.6563,            0.024837,           0.0027304,                   0,           0.0056836,           0.0056836,           0.0056836
                 111,            0.017839,           0.0050124,                   0,             0.98686,                0.98,             0.99412,             0.63348,            0.025161,           0.0028852,                   0,            0.005644,            0.005644,            0.005644
                 112,            0.017668,              0.0051,                   0,             0.98574,                0.98,             0.99374,             0.62182,            0.025323,           0.0029681,                   0,           0.0056044,           0.0056044,           0.0056044
                 113,            0.017651,           0.0050274,                   0,             0.98668,                0.98,             0.99405,             0.64206,            0.024247,           0.0026369,                   0,           0.0055648,           0.0055648,           0.0055648
                 114,            0.017939,            0.004979,                   0,             0.98994,             0.98388,             0.99433,             0.64816,            0.023528,            0.002588,                   0,           0.0055252,           0.0055252,           0.0055252
                 115,            0.017868,           0.0050328,                   0,             0.98941,                0.99,             0.99433,             0.64716,            0.025047,           0.0027584,                   0,           0.0054856,           0.0054856,           0.0054856
                 116,            0.017418,           0.0049658,                   0,             0.99443,                0.99,             0.99462,              0.6462,            0.024022,           0.0027767,                   0,            0.005446,            0.005446,            0.005446
                 117,            0.017666,           0.0050319,                   0,             0.96976,                   1,             0.99441,             0.63848,            0.023959,           0.0026629,                   0,           0.0054064,           0.0054064,           0.0054064
                 118,            0.017442,            0.005154,                   0,             0.98563,                   1,             0.99441,             0.64808,            0.023477,           0.0026451,                   0,           0.0053668,           0.0053668,           0.0053668
                 119,            0.017287,           0.0048377,                   0,             0.99009,             0.99936,              0.9945,             0.65345,            0.023066,           0.0025362,                   0,           0.0053272,           0.0053272,           0.0053272
                 120,             0.01759,           0.0048711,                   0,             0.99009,             0.99873,              0.9949,              0.6184,            0.025016,           0.0027285,                   0,           0.0052876,           0.0052876,           0.0052876
                 121,            0.017483,           0.0049853,                   0,             0.98936,                0.99,              0.9947,             0.65348,            0.024166,           0.0025926,                   0,            0.005248,            0.005248,            0.005248
                 122,            0.016921,           0.0050161,                   0,             0.99934,                0.99,              0.9948,             0.64947,            0.023202,            0.002575,                   0,           0.0052084,           0.0052084,           0.0052084
                 123,            0.017762,           0.0051992,                   0,             0.98937,                   1,              0.9949,             0.68546,            0.023052,           0.0025716,                   0,           0.0051688,           0.0051688,           0.0051688
                 124,            0.016904,           0.0048407,                   0,                0.99,             0.98958,             0.99421,             0.67394,            0.022885,           0.0025275,                   0,           0.0051292,           0.0051292,           0.0051292
                 125,              0.0172,           0.0048741,                   0,               0.987,                0.99,             0.99397,              0.6593,            0.023738,           0.0025902,                   0,           0.0050896,           0.0050896,           0.0050896
                 126,            0.017059,           0.0048371,                   0,             0.99863,                0.98,             0.99381,             0.65812,            0.024489,           0.0026672,                   0,             0.00505,             0.00505,             0.00505
                 127,            0.016628,           0.0048693,                   0,             0.97992,                0.99,             0.99357,             0.67691,            0.023987,           0.0026023,                   0,           0.0050104,           0.0050104,           0.0050104
                 128,            0.017019,           0.0049771,                   0,             0.99765,                0.97,              0.9833,             0.65428,            0.024317,           0.0027247,                   0,           0.0049708,           0.0049708,           0.0049708
                 129,            0.016825,           0.0048421,                   0,                   1,             0.97647,             0.98719,             0.65978,            0.024004,           0.0025694,                   0,           0.0049312,           0.0049312,           0.0049312
                 130,             0.01626,           0.0046866,                   0,             0.97938,                0.98,             0.99362,             0.65224,            0.023951,           0.0025541,                   0,           0.0048916,           0.0048916,           0.0048916
                 131,            0.016926,            0.004947,                   0,             0.97819,                0.98,             0.98281,             0.64358,            0.024107,           0.0025885,                   0,            0.004852,            0.004852,            0.004852
                 132,            0.016779,           0.0047675,                   0,             0.97998,             0.97888,             0.98076,             0.64963,            0.024408,           0.0026062,                   0,           0.0048124,           0.0048124,           0.0048124
                 133,            0.016227,           0.0046315,                   0,             0.98017,             0.98865,             0.99086,             0.64966,             0.02419,           0.0025644,                   0,           0.0047728,           0.0047728,           0.0047728
                 134,            0.016154,           0.0046643,                   0,             0.98999,               0.989,             0.98907,             0.65313,            0.024331,           0.0026703,                   0,           0.0047332,           0.0047332,           0.0047332
                 135,            0.016619,           0.0047308,                   0,             0.98468,                0.97,             0.98061,             0.64627,            0.025297,           0.0027308,                   0,           0.0046936,           0.0046936,           0.0046936
                 136,            0.016088,           0.0047578,                   0,             0.99508,                0.98,             0.99425,              0.6431,            0.025188,           0.0027303,                   0,            0.004654,            0.004654,            0.004654
                 137,            0.016051,           0.0046117,                   0,             0.98352,                0.99,             0.99416,             0.65856,            0.024427,           0.0026379,                   0,           0.0046144,           0.0046144,           0.0046144
                 138,            0.016138,           0.0047841,                   0,             0.99733,                0.99,             0.98832,             0.64747,            0.024456,           0.0028236,                   0,           0.0045748,           0.0045748,           0.0045748
                 139,            0.015819,           0.0047267,                   0,             0.97928,                0.98,             0.98843,             0.64351,            0.025099,           0.0028558,                   0,           0.0045352,           0.0045352,           0.0045352
                 140,            0.016644,           0.0045648,                   0,              0.9797,                0.99,             0.98842,             0.64551,            0.025029,           0.0028135,                   0,           0.0044956,           0.0044956,           0.0044956
                 141,            0.016025,           0.0045918,                   0,             0.99789,                0.99,             0.99471,              0.6452,            0.025288,            0.002687,                   0,            0.004456,            0.004456,            0.004456
                 142,            0.015802,           0.0047873,                   0,             0.97063,                   1,             0.99411,             0.65144,            0.024751,           0.0027067,                   0,           0.0044164,           0.0044164,           0.0044164
                 143,            0.015744,           0.0046297,                   0,             0.98018,             0.98905,             0.99295,             0.64358,            0.025747,           0.0027555,                   0,           0.0043768,           0.0043768,           0.0043768
                 144,            0.015718,           0.0045169,                   0,             0.98999,             0.98881,             0.98985,             0.64341,            0.024548,           0.0026453,                   0,           0.0043372,           0.0043372,           0.0043372
                 145,             0.01604,           0.0046242,                   0,             0.98017,             0.98876,             0.99201,             0.64134,            0.024923,           0.0026629,                   0,           0.0042976,           0.0042976,           0.0042976
                 146,            0.016026,           0.0046256,                   0,             0.98532,                0.99,             0.99347,             0.64224,            0.024914,           0.0026583,                   0,            0.004258,            0.004258,            0.004258
                 147,            0.015514,           0.0045144,                   0,             0.98889,                0.99,             0.99292,             0.65387,            0.023509,             0.00264,                   0,           0.0042184,           0.0042184,           0.0042184
                 148,            0.015946,           0.0045443,                   0,              0.9691,                0.99,             0.99082,             0.63201,            0.024588,           0.0027621,                   0,           0.0041788,           0.0041788,           0.0041788
                 149,            0.015698,           0.0045123,                   0,             0.97993,             0.97636,             0.98637,             0.63457,            0.024862,           0.0027001,                   0,           0.0041392,           0.0041392,           0.0041392
                 150,            0.015173,           0.0045013,                   0,              0.9888,                0.99,             0.99391,             0.64676,            0.024158,           0.0026063,                   0,           0.0040996,           0.0040996,           0.0040996
                 151,            0.015541,           0.0044467,                   0,             0.99857,                0.99,             0.99401,             0.63909,             0.02388,           0.0026222,                   0,             0.00406,             0.00406,             0.00406
                 152,            0.015166,           0.0045091,                   0,                   1,             0.98832,             0.99471,             0.64835,            0.024054,           0.0026311,                   0,           0.0040204,           0.0040204,           0.0040204
                 153,            0.015235,           0.0045626,                   0,             0.98941,                0.98,             0.99264,              0.6516,            0.023738,           0.0025997,                   0,           0.0039808,           0.0039808,           0.0039808
                 154,            0.014998,           0.0043502,                   0,             0.98989,             0.97926,             0.99422,             0.64024,              0.0243,           0.0026064,                   0,           0.0039412,           0.0039412,           0.0039412
                 155,            0.015074,           0.0044327,                   0,             0.98978,             0.96872,             0.98721,             0.63944,            0.024821,            0.002573,                   0,           0.0039016,           0.0039016,           0.0039016
                 156,            0.015118,           0.0045057,                   0,             0.98989,             0.97922,             0.99081,             0.65983,            0.023947,           0.0026022,                   0,            0.003862,            0.003862,            0.003862
                 157,            0.014683,           0.0044845,                   0,             0.97015,             0.97502,             0.98594,             0.65604,            0.024867,           0.0025977,                   0,           0.0038224,           0.0038224,           0.0038224
                 158,            0.015095,            0.004544,                   0,             0.97975,             0.96747,             0.98468,             0.63637,            0.024619,           0.0025983,                   0,           0.0037828,           0.0037828,           0.0037828
                 159,            0.015183,           0.0043817,                   0,             0.98416,                0.97,             0.97832,             0.64193,            0.024229,           0.0026011,                   0,           0.0037432,           0.0037432,           0.0037432
                 160,            0.015013,           0.0043407,                   0,             0.96646,                0.98,             0.97754,             0.64464,            0.023996,           0.0026286,                   0,           0.0037036,           0.0037036,           0.0037036
                 161,            0.014929,           0.0043714,                   0,             0.97054,             0.98848,             0.99272,             0.65256,            0.024033,           0.0025949,                   0,            0.003664,            0.003664,            0.003664
                 162,            0.014444,           0.0043337,                   0,             0.97086,             0.99936,             0.99391,             0.66598,            0.024343,           0.0026105,                   0,           0.0036244,           0.0036244,           0.0036244
                 163,            0.014893,           0.0043077,                   0,             0.94977,                0.98,             0.98314,             0.67372,             0.02419,           0.0026763,                   0,           0.0035848,           0.0035848,           0.0035848
                 164,            0.014207,           0.0043541,                   0,             0.97742,                0.95,             0.98118,             0.66244,            0.024059,           0.0026543,                   0,           0.0035452,           0.0035452,           0.0035452
                 165,            0.014531,           0.0044701,                   0,             0.97996,             0.97797,             0.99154,             0.66389,            0.023693,           0.0026048,                   0,           0.0035056,           0.0035056,           0.0035056
                 166,            0.014345,           0.0044002,                   0,              0.9792,                0.98,             0.99251,             0.65454,            0.024586,           0.0026338,                   0,            0.003466,            0.003466,            0.003466
                 167,            0.014424,           0.0044153,                   0,             0.98821,                0.98,             0.99255,             0.66048,            0.024156,            0.002679,                   0,           0.0034264,           0.0034264,           0.0034264
                 168,            0.014376,            0.004233,                   0,             0.98998,              0.9876,             0.99345,             0.65045,            0.024525,           0.0026631,                   0,           0.0033868,           0.0033868,           0.0033868
                 169,             0.01428,           0.0042576,                   0,             0.98841,                0.98,             0.99273,             0.65388,            0.024395,           0.0027177,                   0,           0.0033472,           0.0033472,           0.0033472
                 170,              0.0144,           0.0043849,                   0,             0.98019,             0.98966,             0.99006,             0.64795,            0.024698,           0.0027623,                   0,           0.0033076,           0.0033076,           0.0033076
                 171,            0.014399,           0.0044653,                   0,             0.97917,                0.98,             0.99076,             0.64912,            0.023452,           0.0027468,                   0,            0.003268,            0.003268,            0.003268
                 172,            0.014319,           0.0045352,                   0,                   1,             0.97811,             0.99442,             0.65369,            0.023014,           0.0025302,                   0,           0.0032284,           0.0032284,           0.0032284
                 173,            0.014228,           0.0043497,                   0,             0.99855,                0.99,              0.9948,             0.64891,            0.024042,           0.0025947,                   0,           0.0031888,           0.0031888,           0.0031888
                 174,            0.014214,           0.0044039,                   0,              0.9974,                0.99,             0.99471,             0.66105,            0.023548,            0.002597,                   0,           0.0031492,           0.0031492,           0.0031492
                 175,            0.014131,           0.0041105,                   0,             0.98999,              0.9888,             0.99405,             0.66963,            0.023227,           0.0025853,                   0,           0.0031096,           0.0031096,           0.0031096
                 176,            0.013645,           0.0041799,                   0,             0.98999,             0.98887,             0.99333,             0.67004,            0.023208,           0.0026573,                   0,             0.00307,             0.00307,             0.00307
                 177,            0.013597,           0.0041942,                   0,             0.98847,                0.99,             0.99452,             0.66957,            0.022741,           0.0026022,                   0,           0.0030304,           0.0030304,           0.0030304
                 178,            0.014204,           0.0042694,                   0,             0.98842,                0.99,             0.99392,             0.66305,            0.023079,           0.0025825,                   0,           0.0029908,           0.0029908,           0.0029908
                 179,            0.013862,           0.0043198,                   0,             0.99617,                0.98,             0.99442,             0.66457,            0.023886,           0.0026794,                   0,           0.0029512,           0.0029512,           0.0029512
                 180,            0.013806,           0.0042144,                   0,             0.98993,                   1,              0.9946,             0.65953,            0.024185,            0.002566,                   0,           0.0029116,           0.0029116,           0.0029116
                 181,            0.013942,            0.004397,                   0,              0.9895,                   1,              0.9945,             0.65943,            0.023937,           0.0025365,                   0,            0.002872,            0.002872,            0.002872
                 182,            0.014039,           0.0041774,                   0,                0.99,             0.98979,             0.99452,             0.65767,            0.023623,           0.0026097,                   0,           0.0028324,           0.0028324,           0.0028324
                 183,            0.013896,           0.0039972,                   0,             0.98017,             0.98876,             0.99432,             0.66512,            0.023735,           0.0026414,                   0,           0.0027928,           0.0027928,           0.0027928
                 184,            0.013494,            0.004166,                   0,             0.98785,                0.99,             0.99432,             0.65913,            0.024147,           0.0026279,                   0,           0.0027532,           0.0027532,           0.0027532
                 185,            0.013536,           0.0041107,                   0,             0.98975,                0.98,             0.98792,             0.67301,            0.023242,           0.0026529,                   0,           0.0027136,           0.0027136,           0.0027136
                 186,            0.013426,           0.0040636,                   0,             0.98889,                0.99,             0.98791,             0.67117,            0.023809,           0.0027356,                   0,            0.002674,            0.002674,            0.002674
                 187,            0.013745,           0.0041198,                   0,             0.98941,                0.99,              0.9936,             0.67147,            0.024177,           0.0026786,                   0,           0.0026344,           0.0026344,           0.0026344
                 188,            0.013358,           0.0040341,                   0,             0.98764,                0.99,             0.99349,             0.66935,            0.023278,            0.002648,                   0,           0.0025948,           0.0025948,           0.0025948
                 189,            0.013511,           0.0040666,                   0,             0.97739,                0.99,             0.99263,              0.6673,            0.023228,           0.0026804,                   0,           0.0025552,           0.0025552,           0.0025552
                 190,            0.013134,           0.0040875,                   0,             0.97474,                0.99,             0.99094,              0.6656,            0.023483,           0.0026766,                   0,           0.0025156,           0.0025156,           0.0025156
                 191,            0.013326,           0.0041344,                   0,             0.97903,                0.99,             0.99349,             0.67039,             0.02331,           0.0026469,                   0,            0.002476,            0.002476,            0.002476
                 192,             0.01334,           0.0042301,                   0,             0.98759,                0.99,             0.99451,             0.67001,            0.023625,           0.0026856,                   0,           0.0024364,           0.0024364,           0.0024364
                 193,            0.013369,           0.0040161,                   0,             0.98791,                0.99,             0.99451,             0.66392,            0.023788,           0.0026465,                   0,           0.0023968,           0.0023968,           0.0023968
                 194,            0.012814,           0.0039857,                   0,             0.98858,                0.99,             0.99421,             0.66672,            0.023979,           0.0026832,                   0,           0.0023572,           0.0023572,           0.0023572
                 195,             0.01292,           0.0040509,                   0,                0.99,             0.98969,             0.98734,             0.65675,            0.024476,           0.0026822,                   0,           0.0023176,           0.0023176,           0.0023176
                 196,            0.013195,            0.004084,                   0,             0.98784,                0.99,             0.99392,             0.66564,            0.024493,           0.0026807,                   0,            0.002278,            0.002278,            0.002278
                 197,            0.013184,           0.0040586,                   0,             0.98175,                0.99,             0.99382,             0.66348,            0.023708,           0.0026367,                   0,           0.0022384,           0.0022384,           0.0022384
                 198,            0.012934,           0.0039149,                   0,             0.98884,                0.99,             0.99413,             0.65561,            0.024216,            0.002668,                   0,           0.0021988,           0.0021988,           0.0021988
                 199,            0.013063,           0.0041827,                   0,               0.988,                0.99,             0.99395,             0.67049,            0.023687,           0.0026454,                   0,           0.0021592,           0.0021592,           0.0021592
                 200,            0.012756,           0.0039204,                   0,             0.98019,             0.98964,              0.9933,             0.66934,            0.023419,           0.0026436,                   0,           0.0021196,           0.0021196,           0.0021196
                 201,            0.012597,           0.0039182,                   0,             0.97881,                0.99,             0.99371,             0.67384,            0.023314,           0.0027261,                   0,             0.00208,             0.00208,             0.00208
                 202,            0.012682,           0.0040968,                   0,             0.97681,                0.99,              0.9934,             0.67071,            0.023498,           0.0027319,                   0,           0.0020404,           0.0020404,           0.0020404
                 203,            0.012608,            0.003958,                   0,             0.97969,                0.99,             0.99363,             0.66718,            0.023516,           0.0027173,                   0,           0.0020008,           0.0020008,           0.0020008
                 204,            0.012606,           0.0039093,                   0,             0.98999,             0.98888,             0.99356,             0.66307,            0.023632,            0.002725,                   0,           0.0019612,           0.0019612,           0.0019612
                 205,            0.012592,            0.004001,                   0,                0.99,             0.98952,             0.99343,             0.66401,            0.023592,           0.0027071,                   0,           0.0019216,           0.0019216,           0.0019216
                 206,            0.012437,           0.0040535,                   0,             0.98697,                0.99,             0.99412,             0.67319,            0.023488,           0.0026555,                   0,            0.001882,            0.001882,            0.001882
                 207,            0.012409,            0.003909,                   0,             0.98819,                0.99,             0.99432,             0.67347,            0.023441,           0.0026763,                   0,           0.0018424,           0.0018424,           0.0018424
                 208,            0.012546,           0.0039626,                   0,             0.98859,                0.99,             0.99422,             0.66182,            0.023918,           0.0027001,                   0,           0.0018028,           0.0018028,           0.0018028
                 209,            0.012637,           0.0039635,                   0,             0.98681,                0.99,             0.99413,              0.6648,            0.023685,           0.0027126,                   0,           0.0017632,           0.0017632,           0.0017632
                 210,            0.012314,           0.0038565,                   0,             0.98317,                0.99,             0.99396,             0.66863,             0.02368,           0.0026894,                   0,           0.0017236,           0.0017236,           0.0017236
                 211,            0.012567,           0.0038223,                   0,             0.97837,                0.99,             0.99366,             0.65863,            0.023579,           0.0026626,                   0,            0.001684,            0.001684,            0.001684
                 212,            0.012165,           0.0039909,                   0,             0.98565,                0.99,             0.98857,             0.66307,            0.023772,           0.0027528,                   0,           0.0016444,           0.0016444,           0.0016444
                 213,            0.012183,           0.0038521,                   0,             0.97964,                0.99,             0.98786,             0.66653,             0.02368,           0.0027628,                   0,           0.0016048,           0.0016048,           0.0016048
                 214,            0.012125,           0.0038382,                   0,             0.98969,                0.99,             0.98799,             0.67185,            0.023576,           0.0027894,                   0,           0.0015652,           0.0015652,           0.0015652
                 215,            0.012135,           0.0037295,                   0,             0.98752,                0.99,              0.9884,             0.66679,            0.023757,           0.0028247,                   0,           0.0015256,           0.0015256,           0.0015256
                 216,             0.01221,           0.0039349,                   0,             0.98785,                0.99,             0.98895,             0.65817,            0.024268,           0.0028299,                   0,            0.001486,            0.001486,            0.001486
                 217,            0.012005,           0.0036922,                   0,             0.97886,                0.99,             0.98862,             0.66056,            0.023994,           0.0027651,                   0,           0.0014464,           0.0014464,           0.0014464
                 218,            0.011966,           0.0038039,                   0,              0.9784,                0.99,             0.98892,             0.67532,            0.023493,           0.0027774,                   0,           0.0014068,           0.0014068,           0.0014068
                 219,            0.012206,             0.00379,                   0,             0.98912,                0.98,             0.98887,             0.66038,             0.02344,           0.0027865,                   0,           0.0013672,           0.0013672,           0.0013672
                 220,            0.012001,           0.0037338,                   0,             0.98499,                0.99,             0.98873,             0.66272,            0.023566,           0.0027655,                   0,           0.0013276,           0.0013276,           0.0013276
                 221,            0.011821,           0.0037359,                   0,             0.97055,             0.98877,             0.98895,             0.66295,             0.02417,           0.0027599,                   0,            0.001288,            0.001288,            0.001288
                 222,            0.011706,           0.0037653,                   0,             0.98444,                0.99,             0.98854,             0.65824,            0.024073,           0.0027346,                   0,           0.0012484,           0.0012484,           0.0012484
                 223,            0.011613,           0.0036102,                   0,                   1,             0.98885,             0.98876,               0.666,            0.024096,           0.0027714,                   0,           0.0012088,           0.0012088,           0.0012088
